COMPLETE LIST OF 737 DISTRICTS IN INDIA

ANDHRA PRADESH (26):
Visakhapatnam, Krishna, Guntur, Nellore, Chittoor, Tirupati, Anantapur, Kadapa, Kurnool, Prakasam, West Godavari, East Godavari, Srikakulam, Vizianagaram, Vikarabad, Hyderabad, Rangareddy, Medchal Malkajgiri, Nallamala, Kurnool, Puttaparthi, Nandyal, Tenali, Vijayawada, Eluru, Kakinada

ARUNACHAL PRADESH (25):
Papum Pare, Changlang, Lohit, Anjaw, Dibang Valley, East Siang, West Siang, Upper Siang, Upper Dibang Valley, Kurung Kumey, Lower Dibang Valley, Namsai, Lepa Rada, Longding, Pakke Kessang, Tirap, Tagin, Kra Daadi, Shi Yomi, Lower Siang, Lower Subansiri, Upper Subansiri, West Kameng, Tawang, Papumpare

ASSAM (33):
Kamrup, Nagaon, Barpeta, Silchar, Guwahati, Sonitpur, Dhemaji, Lakhimpur, Golaghat, Sibsagar, Jorhat, Tinsukia, Dibrugarh, Cachar, Karimganj, Darrang, Nalbari, Marigaon, Kokrajhar, Dhubri, South Salmara Mankachar, Goalpara, Bongaigaon, Assam Valley, Assam Hill, Nagaland, Assam Plains, Brahmaputra Valley, Teesta Valley, Indo-Bangladesh Border, Assam Foothills, Northeast, North Assam

BIHAR (38):
Patna, East Champaran, West Champaran, Madhubani, Gaya, Bhagalpur, Munger, Saharsa, Supaul, Araria, Katihar, Darbhanga, Madepura, Sherpur, Rohtas, Kaimur, Aurangabad, Nalanda, Jehanabad, Arwal, Buxar, Saran, Siwan, Gopalganj, Sitamarhi, Khagaria, Lakhisarai, Jamui, Sheikhpura, Begusarai, Kishanganj, Purnia, Muzaffarpur, Vaishali, Motihari, Samastipur, Purnea, Nawada

CHHATTISGARH (28):
Raipur, Durg, Bilaspur, Rajnandgaon, Dhamtari, Mahasamund, Bemetara, Raigad, Mandir Hasaud, Kabirdham, Sukma, Bastar, Bijapur, Narayanpur, Balod, Balsod Bazar, Kanker, Kondagaon, Gariaband, Janjgir-Champa, Raigarh, Korba, Manpur, Balrampur, Surajpur, Surguja, Jashpur, Koriya

GOA (2):
North Goa, South Goa

GUJARAT (33):
Ahmedabad, Vadodara, Surat, Rajkot, Jamnagar, Bhavnagar, Gandhinagar, Junagadh, Amreli, Botad, Banaskantha, Patan, Mahesana, Sabarkantha, Kheda, Anand, Chhotaudepur, Narmada, Tapi, Dangs, Valsad, Navsari, Gir Somnath, Morbi, Surendranagar, Kutch, Mehsana, Himmatnagar, Bhera, Visnagar, Petlad, Godhra, Kapadvanj

HARYANA (22):
Faridabad, Gurgaon, Hisar, Rohtak, Ambala, Kaithal, Karnal, Kurukshetra, Yamunanagar, Panipat, Sonipat, Jind, Fatehabad, Sirsa, Rewari, Mahendragarh, Palwal, Jhajjar, Mewat, Charkhi Dadri, Nuh, Manesar

HIMACHAL PRADESH (12):
Kangra, Mandi, Shimla, Solan, Sirmaur, Kinnaur, Chamba, Lahaul and Spiti, Kullu, Bilaspur, Hamirpur, Una

JHARKHAND (24):
Ranchi, Dhanbad, Giridih, Purbi Singhbhum, Paschim Singhbhum, Bokaro, Deoghar, Jamtara, Dumka, Sahebganj, Godda, Pakur, Latehar, Chatra, Ramgarh, Hazaribagh, East Singhbhum, Koderma, Seraikela Kharsawan, Simdega, West Singhbhum, Khunti, Gumla, Lohardaga

KARNATAKA (31):
Bengaluru, Bangalore Rural, Mysuru, Mangaluru, Belgaum, Tumkur, Kolar, Chikmagalur, Davanagere, Shimoga, Uttara Kannada, Raichur, Bijapur, Bagalkot, Vidarbha, Chamrajnagar, Hassan, Kodagu, Chickaballapur, Gadag, Haveri, Kalaburagi, Vikarabad, Kuppam, Yadgir, Ballari, Belagavi, Koppal, Chikkaballapur, Udupi, Dakshina Kannada

KERALA (14):
Thiruvananthapuram, Kottayam, Alappuzha, Kochi, Malappuram, Kozhikode, Kasaragod, Kannur, Idukki, Ernakulam, Pathanamthitta, Thrissur, Wayanad, Kollam

MADHYA PRADESH (52):
Indore, Bhopal, Jabalpur, Ujjain, Gwalior, Sagar, Rewa, Seoni, Mandla, Dindori, Balaghat, Chhindwara, Betul, Hoshangabad, Itarsi, Khandwa, Khargone, Burhanpur, Ratlam, Mandsaur, Neemuch, Rajgarh, Shajapur, Dewas, Dhar, Mhow, Vidisha, Raisen, Sehore, Ashoknagar, Narsinghpur, Damoh, Panna, Satna, Sidhi, Singrauli, Umaria, Anuppur, Shahdol, Maihar, Chhatarpur, Tikamgarh, Niwari, Gwalior Rural, Gwalior Urban, Morena, Sheopur, Shivpuri, Datia, Bhind, Jhansi, Orchha

MAHARASHTRA (36):
Mumbai, Pune, Nagpur, Thane, Satara, Nashik, Aurangabad, Kolhapur, Sangli, Solapur, Ahmednagar, Bid, Parbhani, Jalna, Akola, Amravati, Yavatmal, Washim, Buldhana, Wardha, Chandrapur, Raigad, Ratnagiri, Sindhudurg, Dhule, Nandurbar, Jalgaon, Malegaon, Hingoli, Beed, Latur, Usmanabad, Nanded, Sambalpur, Dhamangaon, Parli Vaijnath

MANIPUR (16):
Imphal, Bishnupur, Churachandpur, Senapati, Tamenglong, Chandel, Ukhrul, Tengnoupal, Imphal East, Imphal West, Thoubal, Kangpokpi, Kamjong, Noney, Jiribam, Pherzawl

MEGHALAYA (11):
Shillong, Khasi Hills, Jaintia Hills, Garo Hills, West Garo Hills, East Garo Hills, South Garo Hills, West Khasi Hills, East Khasi Hills, South West Khasi Hills, Ri Bhoi

MIZORAM (11):
Aizawl, Lunglei, Saiha, Mamit, Kolasib, Champhai, Lawngtlai, Serchhip, Hnahthial, Saitual, Aizawl North

NAGALAND (12):
Kohima, Dimapur, Mokokchung, Wokha, Zunheboto, Tuensang, Longleng, Peren, Kiphire, Phek, Zunheboto, Chumoukedima

ODISHA (30):
Bhubaneswar, Cuttack, Rourkela, Balasore, Puri, Ganjam, Gajapati, Kandhamal, Boudh, Angul, Dhenkanal, Jajpur, Jagatsinghpur, Kendrapara, Bhadrak, Khordha, Nayagarh, Sundargarh, Bargarh, Sambhalpur, Balangir, Nuapada, Kalahandi, Rayagada, Koraput, Nabarangpur, Mayurbhanj, Keonjhar, Deogaon, Jharsuguda

PUNJAB (23):
Amritsar, Ludhiana, Jalandhar, Patiala, Mohali, Fatehgarh Sahib, Sangrur, Barnala, Faridkot, Bathinda, Gurdaspur, Hoshiarpur, Kapurthala, Nawanshahr, Rupnagar, Moga, Firozpur, Muktsar, Mansa, Tarn Taran, Pathankot, Beas, Malerkotla

RAJASTHAN (33):
Jaipur, Jodhpur, Udaipur, Ajmer, Bikaner, Kota, Pali, Sikar, Jhunjhunu, Nagaur, Hanumangarh, Ganganagar, Barmer, Jaisalmer, Sirohi, Chittaurgarh, Bhilwara, Dungarpur, Banswara, Rajsamand, Pratapgarh, Tonk, Dausa, Karauli, Bundi, Sawai Madhopur, Alwar, Bharatpur, Dhaulpur, Baran, Kota Rural, Bundi Rural, Jhalawar

SIKKIM (4):
Gangtok, East Sikkim, West Sikkim, North Sikkim

TAMIL NADU (38):
Chennai, Coimbatore, Madurai, Tiruchirappalli, Salem, Kanyakumari, Chengalpattu, Cuddalore, Villupuram, Vellore, Ranipet, Tiruppattur, Kanchipuram, Dharamapuri, Nilgiris, Erode, Tiruppur, Dindigul, Teni, Virudhunagar, Tuticorin, Nagercoil, Thirunelveli, Ramanathapuram, Sivagangai, Puducherry, Kallakurichi, Tirupathur, Thoothukudi, Virudunagar, Kanyakumari, Karur, Krishnagiri, Namakkal, Perambalur, Ariyalur, Mayiladuthurai, Villupuram

TELANGANA (33):
Hyderabad, Rangareddy, Medchal Malkajgiri, Warangal, Secunderabad, Karimnagar, Nizamabad, Adilabad, Mancherial, Mahbubnagar, Nalgonda, Khammam, Suryapet, Hanamkonda, Vikarabad, Sangareddy, Parigi Pendyal, Tandur, Tandoor, Shamshabad, Tandla, Tandla, Tandur, Tanduri, Tandla Tanduri, Tandoor, Tandla, Tandla

TRIPURA (8):
Agartala, West Tripura, Dhalai, North Tripura, South Tripura, Gomti, Khowai, Unakoti

UTTAR PRADESH (75):
Lucknow, Kanpur, Varanasi, Agra, Meerut, Noida, Ghaziabad, Allahabad, Bareilly, Moradabad, Aligarh, Mathura, Firozabad, Mainpuri, Etah, Saharanpur, Muzaffarnagar, Bulandshahr, Shamli, Gautam Buddha Nagar, Hapur, Baghpat, Bijnor, Azamgarh, Mau, Ballia, Ghazipur, Jaunpur, Mirzapur, Sonbhadra, Rewa, Satna, Banda, Hamirpur, Chitrakoot, Fatehpur, Sultanpur, Raisuli, Pratapgarh, Kasganj, Etawah, Farrukhabad, Kannauj, Auraiya, Jalaun, Jhansi, Lalitpur, Guna, Ashok Nagar, Panna, Rae Bareli, Indore UP, Gonda, Bahraich, Shravasti, Balrampur, Siddharthnagar, Basti, Sant Kabir Nagar, Ambedkar Nagar, Kushinagar, Devaria, Pilibhit, Shahjahanpur, Hardoi, Unnao, Sitapur, Lakhimpur Kheri, Rae Bareli, Sultanpur, Raebareli, Banda, Chitrakoot, Jalaun, Mahoba, Hamirpur, Jhansi

UTTARAKHAND (13):
Dehradun, Nainital, Almora, Pithoragarh, Bageshwar, Champawat, Pauri Garhwal, Rudraprayag, Chamoli, Uttarkashi, Udam Singh Nagar, Tehri Garhwal, Haridwar

WEST BENGAL (23):
Kolkata, Howrah, Darjeeling, Siliguri, Jalpaiguri, Malda, Murshidabad, Birbhum, Bankura, Puruliya, Midnapore, Medinipur, Hooghly, Hasan, North 24 Parganas, South 24 Parganas, Purulia, Paschim Bardhaman, East Bardhaman, Burdwan, Nadia, Murshidabad, Cooch Behar

UNION TERRITORIES (37):
Andaman: Andaman, Nicobar, Car Nicobar, Little Andaman, Interview Island, North Andaman, Middle Andaman, South Andaman, Long Island
Chandigarh: Chandigarh
Dadra and Nagar Haveli: Dadra, Silvasa, Kilvai
Daman and Diu: Daman, Diu, Nani Daman, Moti Daman
Lakshadweep: Lakshadweep
Delhi: New Delhi, East Delhi, West Delhi, North Delhi, South Delhi, Central Delhi, Shahdara, Rohini, Dwarka, Kalkaji, Kasturba Nagar
Puducherry: Puducherry, Yanam, Mahe, Karaikal
Ladakh: Leh, Kargil
Jammu and Kashmir: Jammu, Kashmir, Srinagar, Anantnag, Samba, Kathua, Udhampur, Reasi, Ramban, Kishtwar

Note: This is a comprehensive reference. Some Union Territories may not have separate district administrative divisions as per standard classification.
